lesion,AKIEC,BCC,BEN_OTH,BKL,DF,INF,MAL_OTH,MEL,NV,SCCKA,VASC
IL_0006205,0.022643,0.777641,0.011071,0.019754,0.006922,0.005041,0.043308,0.001839,0.003875,0.374571,0.004843
IL_0025400,0.981596,0.016212,0.018451,0.188364,0.005891,0.040757,0.048051,0.010913,0.009726,0.029174,0.008486
IL_0039001,0.012450,0.004618,0.034334,0.019678,0.022599,0.121752,0.046534,0.159105,0.894193,0.005427,0.174696
IL_0046799,0.007257,0.015369,0.015249,0.038005,0.006522,0.010722,0.049461,0.007869,0.008475,0.990964,0.008132
IL_0054262,0.007314,0.003377,0.010790,0.013027,0.987769,0.019615,0.072337,0.035591,0.078353,0.003244,0.006389
IL_0056788,0.952500,0.032420,0.017612,0.227361,0.006041,0.018829,0.052185,0.009507,0.005108,0.087232,0.007324
IL_0093956,0.041851,0.671748,0.019709,0.065232,0.002807,0.700425,0.026188,0.001853,0.002612,0.011908,0.022517
IL_0103904,0.950854,0.047976,0.025114,0.085481,0.008063,0.011213,0.053607,0.005455,0.007040,0.125158,0.007424
IL_0118369,0.004101,0.006913,0.014323,0.020090,0.008140,0.017395,0.049629,0.178979,0.970108,0.006063,0.010754
IL_0151990,0.004343,0.003401,0.013139,0.030000,0.009199,0.018085,0.073906,0.813813,0.625217,0.009153,0.009087
IL_0171236,0.010893,0.058492,0.117494,0.004172,0.175450,0.132277,0.020891,0.083467,0.004093,0.058818,0.094472
IL_0183960,0.005273,0.571020,0.523277,0.007771,0.008678,0.042113,0.037606,0.082401,0.322654,0.003595,0.047741
IL_0207706,0.003455,0.004079,0.014082,0.016697,0.006730,0.020447,0.059325,0.989068,0.099598,0.003626,0.009340
IL_0207891,0.021987,0.256311,0.006705,0.321905,0.042506,0.006163,0.035608,0.006697,0.016580,0.472575,0.003691
IL_0225203,0.067564,0.170812,0.008484,0.733244,0.008218,0.013191,0.073618,0.292437,0.286060,0.008713,0.033527
IL_0227635,0.958096,0.021663,0.022101,0.394004,0.006702,0.014367,0.047890,0.027641,0.014238,0.015315,0.011146
IL_0259815,0.002686,0.001870,0.025640,0.301828,0.002541,0.009449,0.037881,0.851091,0.158162,0.001644,0.004537
IL_0260810,0.010791,0.736619,0.003525,0.080673,0.003038,0.006583,0.147271,0.028988,0.180705,0.024283,0.090069
IL_0262469,0.373149,0.021250,0.013951,0.891165,0.004698,0.014218,0.035254,0.007758,0.008946,0.018779,0.005773
IL_0267598,0.054613,0.029904,0.010170,0.610860,0.003794,0.011947,0.041005,0.115814,0.649678,0.014734,0.004189
IL_0312376,0.183892,0.865431,0.013767,0.210847,0.006817,0.008377,0.063881,0.013670,0.012129,0.051849,0.008659
IL_0331012,0.055804,0.454858,0.044926,0.559940,0.100365,0.053422,0.031844,0.017798,0.025323,0.096213,0.002892
IL_0344325,0.011747,0.186427,0.308148,0.078104,0.156726,0.307546,0.109491,0.150465,0.068786,0.003031,0.006803
IL_0403731,0.071040,0.005676,0.018010,0.084273,0.006837,0.015441,0.053070,0.002596,0.004112,0.974507,0.007068
IL_0404181,0.037824,0.835209,0.015243,0.547475,0.006291,0.012980,0.041093,0.028073,0.008294,0.036295,0.007505
IL_0465184,0.003678,0.972131,0.017704,0.159602,0.009996,0.011769,0.049182,0.011432,0.009488,0.007620,0.007110
IL_0492696,0.005000,0.003387,0.018322,0.012217,0.006790,0.018278,0.049678,0.599725,0.880579,0.005186,0.008000
IL_0560781,0.004233,0.001668,0.008285,0.081818,0.963307,0.014169,0.043520,0.100129,0.135841,0.004335,0.003664
IL_0575017,0.050896,0.002803,0.009307,0.391015,0.008011,0.019593,0.047500,0.038171,0.909336,0.003592,0.005733
IL_0578791,0.045025,0.475571,0.078850,0.095788,0.050971,0.147210,0.296252,0.069104,0.128957,0.015440,0.003336
IL_0611781,0.004364,0.950779,0.036413,0.063883,0.008723,0.018895,0.037343,0.007502,0.037756,0.042512,0.005393
IL_0649132,0.036403,0.033314,0.024984,0.987255,0.007602,0.011494,0.037520,0.004974,0.016448,0.034374,0.008442
IL_0704269,0.047506,0.189795,0.015663,0.094975,0.014711,0.017774,0.029010,0.003511,0.017068,0.697022,0.004592
IL_0718371,0.010901,0.008808,0.022328,0.055312,0.009926,0.018866,0.052053,0.004923,0.007760,0.990136,0.010764
IL_0721442,0.044729,0.011843,0.014241,0.114837,0.008077,0.012649,0.050191,0.002799,0.003733,0.958587,0.008384
IL_0754056,0.861812,0.032988,0.013386,0.059744,0.003306,0.009223,0.047422,0.008124,0.002591,0.193309,0.006334
IL_0808321,0.008186,0.005756,0.032373,0.090434,0.018920,0.103199,0.060507,0.787863,0.590746,0.006100,0.007497
IL_0854378,0.050444,0.051054,0.012147,0.014257,0.010366,0.024935,0.041440,0.003926,0.015735,0.944899,0.017786
IL_0895462,0.005803,0.939681,0.014010,0.335552,0.018867,0.007003,0.037803,0.003365,0.005472,0.006746,0.006042
IL_0928130,0.006440,0.134025,0.012892,0.282823,0.008590,0.007280,0.065871,0.813454,0.058714,0.056484,0.029883
IL_0977585,0.004015,0.084586,0.006925,0.123037,0.003444,0.007613,0.034362,0.004399,0.009093,0.939780,0.009643
IL_0977986,0.010968,0.873463,0.019154,0.432911,0.011844,0.020160,0.046594,0.013776,0.037298,0.042605,0.011145
IL_0996202,0.007114,0.015992,0.015181,0.067254,0.007591,0.021695,0.065596,0.380388,0.906115,0.007789,0.006193
IL_1009731,0.005849,0.097626,0.019267,0.025478,0.003440,0.020105,0.066371,0.004602,0.005737,0.958835,0.004475
IL_1011664,0.182801,0.007028,0.233665,0.377255,0.005975,0.035113,0.040833,0.789004,0.005304,0.003622,0.007860
IL_1020124,0.016196,0.082714,0.056447,0.062794,0.042913,0.300134,0.370585,0.262196,0.005229,0.205326,0.096034
IL_1024284,0.008636,0.019362,0.016824,0.012408,0.006066,0.008508,0.077656,0.004115,0.008382,0.991705,0.013409
IL_1024365,0.851050,0.054196,0.012897,0.503931,0.010638,0.014142,0.044417,0.009238,0.004216,0.062660,0.008058
IL_1080907,0.060004,0.828069,0.007994,0.090830,0.055344,0.004885,0.035266,0.002996,0.001932,0.143212,0.004402
IL_1159502,0.004785,0.966648,0.015954,0.090379,0.005126,0.009771,0.040624,0.015290,0.006586,0.019732,0.013442
IL_1183203,0.405971,0.286305,0.021071,0.309398,0.020739,0.033151,0.048842,0.003214,0.009963,0.273375,0.015668
IL_1236220,0.018577,0.028073,0.016253,0.143724,0.004045,0.010517,0.042012,0.005485,0.017884,0.922559,0.008892
IL_1246958,0.005334,0.012093,0.016253,0.006011,0.819157,0.614782,0.038243,0.001513,0.003754,0.003316,0.067738
IL_1248470,0.002642,0.051821,0.010795,0.035219,0.003838,0.034053,0.410505,0.982172,0.009831,0.002939,0.004490
IL_1266003,0.002289,0.056436,0.009053,0.091527,0.009305,0.014606,0.036660,0.984181,0.012086,0.003473,0.015708
IL_1298091,0.024460,0.796244,0.057740,0.510024,0.006210,0.024231,0.049448,0.015074,0.055497,0.022339,0.012795
IL_1418346,0.722666,0.046077,0.028780,0.199287,0.006535,0.026069,0.055542,0.024053,0.009786,0.411117,0.008775
IL_1420891,0.002844,0.002193,0.017592,0.004016,0.006871,0.011762,0.037630,0.406391,0.924003,0.003223,0.025880
IL_1431089,0.004502,0.041630,0.006838,0.851809,0.015023,0.018772,0.019010,0.004651,0.067970,0.335315,0.009569
IL_1450991,0.011335,0.077580,0.012391,0.058818,0.005866,0.023271,0.044916,0.004349,0.006190,0.959811,0.011439
IL_1497560,0.122918,0.481986,0.010359,0.838256,0.014311,0.010406,0.033057,0.010491,0.029361,0.033766,0.006211
IL_1502550,0.017402,0.088093,0.045900,0.110727,0.615084,0.009022,0.064422,0.066966,0.084421,0.053679,0.004343
IL_1515580,0.001981,0.011242,0.022336,0.013587,0.013810,0.131862,0.051066,0.032806,0.010533,0.981178,0.006176
IL_1562660,0.181932,0.033952,0.027731,0.892162,0.011008,0.023328,0.039441,0.086818,0.171886,0.018071,0.010855
IL_1574123,0.015055,0.016296,0.018378,0.391240,0.012766,0.028808,0.060608,0.839150,0.298113,0.018039,0.010370
IL_1619785,0.003929,0.007656,0.014362,0.017097,0.005939,0.017904,0.054525,0.530379,0.857026,0.005340,0.007443
IL_1633612,0.034355,0.009921,0.018218,0.105379,0.009348,0.017958,0.057259,0.005890,0.005213,0.981979,0.008376
IL_1641818,0.014300,0.148219,0.011647,0.313546,0.004359,0.008136,0.040478,0.815684,0.011589,0.016250,0.005842
IL_1643221,0.955980,0.013033,0.014544,0.330847,0.012340,0.018774,0.037673,0.008943,0.012915,0.028545,0.009644
IL_1664752,0.225417,0.026637,0.017245,0.319038,0.008802,0.010107,0.056720,0.002850,0.018434,0.664791,0.006222
IL_1681515,0.069227,0.053496,0.018857,0.059576,0.016521,0.192150,0.050535,0.005655,0.005782,0.836226,0.007032
IL_1688338,0.017229,0.072641,0.010453,0.724237,0.045385,0.019762,0.609183,0.052709,0.124291,0.065674,0.012267
IL_1706933,0.035845,0.450173,0.003986,0.070151,0.002762,0.015730,0.015490,0.028554,0.256649,0.224989,0.109930
IL_1860067,0.005811,0.971553,0.014723,0.063897,0.005101,0.010018,0.056330,0.009241,0.016508,0.004223,0.010142
IL_1884002,0.228056,0.175470,0.012698,0.680837,0.011892,0.014196,0.046400,0.003197,0.008873,0.325166,0.005042
IL_1897663,0.006024,0.005499,0.019377,0.029635,0.008973,0.015376,0.060916,0.004382,0.008063,0.995254,0.010028
IL_1901178,0.867682,0.067552,0.015186,0.386847,0.008349,0.020694,0.052935,0.004282,0.005784,0.136295,0.008536
IL_1935222,0.821327,0.240075,0.010338,0.415269,0.005225,0.006831,0.036231,0.006784,0.006740,0.065060,0.005787
IL_1968737,0.005856,0.004500,0.028643,0.006991,0.008032,0.028408,0.036482,0.003309,0.023998,0.002672,0.989948
IL_1976391,0.005048,0.003710,0.009462,0.291929,0.005682,0.021571,0.050324,0.794992,0.354382,0.007149,0.009755
IL_2021485,0.187080,0.234705,0.018793,0.024151,0.009812,0.015351,0.058729,0.002743,0.009608,0.841625,0.007222
IL_2031231,0.047626,0.951250,0.010458,0.088447,0.005078,0.007274,0.053112,0.003347,0.006786,0.027072,0.004692
IL_2042306,0.002866,0.021257,0.011863,0.008365,0.004465,0.023672,0.039020,0.101836,0.986092,0.004372,0.006823
IL_2057670,0.003229,0.022805,0.028384,0.044368,0.011624,0.010014,0.037295,0.055733,0.018958,0.980412,0.009646
IL_2058271,0.029594,0.015215,0.171664,0.861037,0.082791,0.018310,0.067475,0.272605,0.023889,0.003748,0.003285
IL_2068901,0.081537,0.047210,0.023622,0.868531,0.006955,0.053179,0.025600,0.065125,0.098403,0.003492,0.004556
IL_2076993,0.962666,0.067074,0.021462,0.053588,0.005810,0.014217,0.054375,0.010559,0.004664,0.079202,0.009073
IL_2078226,0.008195,0.010173,0.025667,0.657749,0.009862,0.006179,0.105452,0.065311,0.018865,0.274011,0.008353
IL_2081710,0.001215,0.003412,0.026916,0.178908,0.006216,0.013352,0.039775,0.187464,0.792070,0.001029,0.010423
IL_2085556,0.122727,0.149445,0.021036,0.651380,0.008607,0.023051,0.046919,0.012329,0.011512,0.415516,0.006207
IL_2090864,0.877227,0.081211,0.012586,0.495435,0.008491,0.009679,0.045187,0.012224,0.011327,0.027639,0.007055
IL_2144290,0.003614,0.007020,0.024226,0.005043,0.008761,0.024587,0.054583,0.185240,0.975477,0.004317,0.010184
IL_2157015,0.914591,0.098716,0.011762,0.148954,0.018382,0.010495,0.050220,0.009129,0.005961,0.027279,0.005652
IL_2190574,0.008508,0.965921,0.021933,0.044418,0.006910,0.010007,0.041990,0.004370,0.042717,0.028086,0.005615
IL_2207792,0.028063,0.013342,0.350254,0.061075,0.017091,0.004674,0.130168,0.074979,0.831616,0.004918,0.008128
IL_2254004,0.865763,0.113027,0.013698,0.402386,0.005923,0.011074,0.043878,0.018198,0.006247,0.048426,0.006892
IL_2274232,0.950149,0.020178,0.017701,0.335060,0.043465,0.009583,0.053994,0.014558,0.008224,0.016234,0.005474
IL_2283965,0.008172,0.009442,0.016579,0.036090,0.005114,0.011217,0.058908,0.004176,0.006609,0.991720,0.010746
IL_2330498,0.257203,0.051130,0.014347,0.638774,0.004186,0.026252,0.056844,0.045507,0.006344,0.260848,0.010220
IL_2354191,0.003581,0.006002,0.009839,0.033660,0.012173,0.026287,0.075429,0.452122,0.907925,0.006577,0.007904
IL_2424578,0.004515,0.005301,0.013991,0.007861,0.008060,0.016695,0.047828,0.209304,0.966550,0.005853,0.009142
IL_2440740,0.005456,0.006230,0.018582,0.010216,0.011591,0.021286,0.053178,0.111705,0.981828,0.006067,0.010755
IL_2451306,0.005858,0.014413,0.427768,0.049178,0.220191,0.221411,0.023525,0.018864,0.154083,0.002176,0.125105
IL_2508459,0.004802,0.007277,0.040809,0.050221,0.005310,0.017386,0.050878,0.995090,0.008082,0.003281,0.007498
IL_2512501,0.968354,0.020848,0.009790,0.040168,0.004854,0.009512,0.032877,0.020467,0.003977,0.008762,0.008332
IL_2520283,0.592712,0.194912,0.006903,0.061493,0.009769,0.010103,0.034019,0.018642,0.031575,0.205966,0.005980
IL_2532113,0.111590,0.873380,0.016348,0.078153,0.005124,0.015466,0.090465,0.040836,0.011450,0.057869,0.006702
IL_2541202,0.016210,0.124179,0.320336,0.124808,0.050053,0.692927,0.031657,0.007650,0.025624,0.015484,0.002791
IL_2542731,0.004267,0.006665,0.020727,0.028041,0.006495,0.023756,0.052779,0.241712,0.951982,0.006056,0.008800
IL_2564178,0.136354,0.646133,0.009328,0.039195,0.005867,0.006111,0.038964,0.003248,0.008422,0.353660,0.005081
IL_2579528,0.235620,0.003251,0.005911,0.546603,0.003772,0.007559,0.033391,0.567632,0.005552,0.001219,0.005316
IL_2580737,0.023119,0.852067,0.013297,0.464356,0.014038,0.013131,0.045599,0.033072,0.026619,0.008881,0.006818
IL_2620364,0.122236,0.071556,0.005881,0.542352,0.044703,0.371577,0.023156,0.133492,0.046858,0.003971,0.004191
IL_2631882,0.012835,0.693803,0.007251,0.281641,0.006924,0.003659,0.108704,0.090581,0.014186,0.002184,0.003637
IL_2632245,0.040416,0.023805,0.008968,0.443478,0.050580,0.010828,0.028673,0.002099,0.007620,0.506347,0.004981
IL_2667257,0.366913,0.196859,0.011354,0.554874,0.074231,0.044150,0.118309,0.054260,0.019070,0.047839,0.008667
IL_2673683,0.587191,0.480569,0.014411,0.093886,0.006631,0.006983,0.049333,0.008828,0.005534,0.133738,0.005986
IL_2695389,0.003435,0.982166,0.012415,0.059431,0.010210,0.010508,0.049743,0.005521,0.008356,0.005879,0.007643
IL_2697064,0.037335,0.033739,0.008460,0.841374,0.016507,0.004370,0.041874,0.056533,0.037001,0.092608,0.022813
IL_2701771,0.004392,0.572235,0.062983,0.025407,0.003492,0.793375,0.053447,0.007173,0.009317,0.015185,0.030817
IL_2713699,0.472895,0.053290,0.012535,0.752026,0.122814,0.027935,0.039990,0.013909,0.035998,0.044893,0.005907
IL_2726821,0.201311,0.721210,0.006503,0.247949,0.021049,0.003393,0.057617,0.010736,0.010521,0.018513,0.003578
IL_2729600,0.488946,0.022324,0.008622,0.697280,0.006009,0.003731,0.106285,0.008282,0.003557,0.111941,0.004985
IL_2741580,0.901261,0.078170,0.014914,0.157680,0.051188,0.008644,0.056422,0.012996,0.005380,0.024668,0.006438
IL_2778741,0.855595,0.034525,0.009283,0.153133,0.009229,0.393224,0.033296,0.010761,0.016098,0.015191,0.015297
IL_2784674,0.106422,0.008801,0.017206,0.038099,0.006168,0.015422,0.059571,0.002696,0.004324,0.972142,0.007613
IL_2788623,0.016618,0.554212,0.015095,0.031364,0.017795,0.022041,0.035556,0.553884,0.022967,0.060854,0.014707
IL_2824067,0.001450,0.500075,0.103839,0.072392,0.034876,0.136219,0.046121,0.121201,0.375783,0.004923,0.005433
IL_2840498,0.010874,0.034288,0.011506,0.077733,0.452978,0.007059,0.203992,0.028941,0.050427,0.004682,0.184246
IL_2844654,0.003239,0.016245,0.009977,0.022187,0.004866,0.016687,0.351465,0.799274,0.479498,0.005407,0.005195
IL_2849392,0.112741,0.648824,0.015318,0.008698,0.005941,0.033230,0.057859,0.056493,0.006293,0.245720,0.015262
IL_2851462,0.068868,0.235028,0.065781,0.801753,0.006197,0.012765,0.027921,0.105849,0.015328,0.020503,0.007042
IL_2921273,0.211819,0.002357,0.006402,0.361565,0.003066,0.013336,0.035544,0.707039,0.009164,0.001337,0.005355
IL_2936438,0.007900,0.957974,0.012916,0.199107,0.010959,0.013134,0.043878,0.005459,0.015048,0.015091,0.006501
IL_2947403,0.549086,0.004595,0.031672,0.529441,0.012471,0.125435,0.027373,0.123947,0.166562,0.005111,0.006550
IL_2978149,0.004231,0.006436,0.034754,0.021818,0.013468,0.033071,0.086714,0.892458,0.516848,0.007108,0.013476
IL_2996774,0.186509,0.059168,0.007617,0.158307,0.110095,0.026057,0.036808,0.006483,0.005474,0.545629,0.008543
IL_3007459,0.047246,0.012552,0.022756,0.048385,0.006440,0.013378,0.052917,0.002416,0.009294,0.970162,0.006435
IL_3061357,0.022613,0.737049,0.024573,0.120952,0.012239,0.012829,0.020847,0.169373,0.086922,0.001807,0.002364
IL_3076877,0.063395,0.779110,0.061772,0.049350,0.004309,0.028064,0.078529,0.007761,0.003475,0.308804,0.017463
IL_3084993,0.219704,0.067714,0.007434,0.738131,0.012232,0.115887,0.027528,0.027018,0.172325,0.003003,0.004186
IL_3109240,0.010833,0.446133,0.009646,0.099966,0.005809,0.013701,0.028305,0.246853,0.421176,0.081755,0.007910
IL_3124812,0.047863,0.213790,0.019726,0.716642,0.012020,0.009258,0.075900,0.252641,0.009270,0.092759,0.017538
IL_3127619,0.203525,0.589843,0.026219,0.554480,0.006590,0.015056,0.041727,0.063590,0.024083,0.027012,0.006935
IL_3149454,0.053514,0.933632,0.008350,0.135183,0.011746,0.007285,0.038267,0.011578,0.006231,0.020491,0.004779
IL_3153787,0.070070,0.010247,0.019303,0.228001,0.022836,0.352415,0.069889,0.208820,0.589360,0.009791,0.078521
IL_3156984,0.003533,0.009128,0.006197,0.024097,0.006324,0.012987,0.047178,0.908118,0.436783,0.004477,0.006240
IL_3200972,0.004141,0.005135,0.016859,0.010890,0.007364,0.015004,0.077814,0.047143,0.981442,0.003886,0.022638
IL_3206011,0.003884,0.006695,0.007334,0.022179,0.006240,0.018592,0.041011,0.153329,0.974897,0.003834,0.005953
IL_3245297,0.010586,0.019987,0.014085,0.087318,0.024567,0.078391,0.045310,0.002180,0.009953,0.952564,0.005364
IL_3275405,0.116906,0.022867,0.013712,0.795854,0.005172,0.019966,0.024157,0.003761,0.022898,0.336244,0.005299
IL_3278464,0.307467,0.027573,0.025589,0.111576,0.007263,0.020281,0.044840,0.002106,0.004930,0.787872,0.007342
IL_3286203,0.065483,0.012006,0.025941,0.082805,0.016890,0.020233,0.059376,0.006313,0.012601,0.968376,0.013158
IL_3304841,0.034982,0.077367,0.011633,0.031750,0.008027,0.008484,0.037809,0.007096,0.003234,0.966488,0.006628
IL_3328321,0.015548,0.014644,0.020283,0.020013,0.007958,0.013051,0.051159,0.004457,0.005608,0.992273,0.010297
IL_3355205,0.003993,0.018682,0.008829,0.119811,0.011223,0.024136,0.040589,0.147618,0.008856,0.873807,0.006817
IL_3383918,0.016882,0.548194,0.011197,0.008842,0.004644,0.006402,0.388877,0.311945,0.003477,0.278663,0.008211
IL_3405674,0.019872,0.009334,0.014390,0.066522,0.006795,0.011048,0.070278,0.007504,0.004762,0.983990,0.010438
IL_3416109,0.025294,0.017921,0.010907,0.963616,0.007500,0.005295,0.045201,0.032245,0.014803,0.232971,0.008556
IL_3417042,0.707738,0.013738,0.012152,0.693374,0.037847,0.017166,0.040595,0.013389,0.048492,0.019542,0.008399
IL_3475314,0.147796,0.014110,0.005788,0.768318,0.006704,0.006308,0.039345,0.006918,0.001535,0.337316,0.005827
IL_3502631,0.188865,0.686861,0.016786,0.034035,0.007835,0.007287,0.032471,0.025693,0.012578,0.186271,0.032279
IL_3512099,0.002191,0.986393,0.023067,0.024356,0.006234,0.016803,0.069249,0.006667,0.012032,0.002920,0.008804
IL_3516247,0.010491,0.942818,0.017922,0.211473,0.012174,0.016035,0.049227,0.008709,0.025173,0.007277,0.007653
IL_3525336,0.005912,0.008285,0.004385,0.029122,0.009441,0.010840,0.031808,0.491929,0.803413,0.002507,0.005753
IL_3584159,0.432740,0.004546,0.006818,0.703553,0.016296,0.038346,0.149937,0.051197,0.059745,0.013361,0.003449
IL_3592184,0.034112,0.135374,0.019838,0.140335,0.006523,0.040313,0.077679,0.051158,0.014531,0.857537,0.007144
IL_3662013,0.030854,0.523933,0.012885,0.389186,0.049137,0.004213,0.021795,0.001824,0.002466,0.234072,0.004463
IL_3682737,0.006059,0.007553,0.014657,0.021653,0.012640,0.029378,0.056246,0.178266,0.964144,0.009917,0.010807
IL_3708176,0.179591,0.168600,0.007410,0.061335,0.009193,0.028440,0.036351,0.004353,0.007404,0.783223,0.004827
IL_3731984,0.245600,0.057578,0.231479,0.165612,0.002588,0.170954,0.206946,0.060795,0.134383,0.020822,0.026293
IL_3743750,0.407716,0.137880,0.014857,0.782568,0.005536,0.009018,0.042202,0.032800,0.008925,0.011283,0.006992
IL_3769258,0.974917,0.017470,0.019842,0.065697,0.007452,0.013933,0.052485,0.001740,0.002778,0.019114,0.007284
IL_3770691,0.019891,0.424234,0.003835,0.007217,0.032573,0.042835,0.030274,0.107160,0.005636,0.033023,0.343174
IL_3795536,0.168355,0.032697,0.012871,0.760051,0.004603,0.007955,0.043252,0.003285,0.006627,0.405890,0.006368
IL_3825170,0.004396,0.977098,0.026908,0.059086,0.008041,0.014403,0.078610,0.016648,0.011631,0.003910,0.007328
IL_3849919,0.002824,0.968837,0.020971,0.069126,0.010595,0.025832,0.059292,0.014290,0.029394,0.003039,0.008880
IL_3863962,0.071647,0.016495,0.012017,0.056950,0.010368,0.010619,0.037446,0.006567,0.010343,0.941174,0.012388
IL_3890738,0.006902,0.088883,0.010834,0.020908,0.009828,0.027437,0.046480,0.018101,0.008144,0.953118,0.005593
IL_3916806,0.137675,0.067291,0.009924,0.277467,0.004517,0.015707,0.038436,0.002622,0.006940,0.837104,0.006171
IL_3918658,0.006785,0.205258,0.013723,0.084342,0.017150,0.018551,0.042372,0.006497,0.008522,0.888594,0.007579
IL_3925046,0.002462,0.010439,0.016699,0.023896,0.010059,0.019298,0.045128,0.004959,0.007462,0.994151,0.011657
IL_3944678,0.027209,0.030408,0.033670,0.889534,0.014169,0.050379,0.060120,0.036184,0.504583,0.006729,0.007261
IL_3989231,0.002366,0.003459,0.021212,0.026259,0.004951,0.025869,0.044388,0.957567,0.265438,0.002413,0.007726
IL_4014940,0.005393,0.958457,0.009353,0.212959,0.011010,0.008808,0.043333,0.004239,0.006803,0.008400,0.004424
IL_4030473,0.014174,0.974886,0.018757,0.066381,0.007134,0.008802,0.055915,0.005970,0.006709,0.014352,0.006897
IL_4032940,0.073633,0.142359,0.012376,0.060650,0.006906,0.010301,0.064329,0.006703,0.005183,0.922309,0.006262
IL_4048093,0.358986,0.184841,0.009561,0.104101,0.007629,0.015089,0.030549,0.002920,0.005102,0.484756,0.006513
IL_4102420,0.137195,0.046745,0.176402,0.066954,0.008314,0.016057,0.039054,0.133217,0.013770,0.421857,0.044154
IL_4113222,0.009892,0.003158,0.009378,0.994013,0.009379,0.009793,0.055468,0.006869,0.009478,0.090041,0.007208
IL_4121028,0.027456,0.903215,0.006520,0.287379,0.004311,0.010001,0.142602,0.003029,0.006578,0.014483,0.004723
IL_4137970,0.004376,0.046217,0.031545,0.989275,0.009498,0.020334,0.050582,0.012629,0.038515,0.050945,0.007298
IL_4183780,0.009312,0.923696,0.013940,0.025878,0.104922,0.116079,0.061255,0.008536,0.004680,0.001356,0.005404
IL_4205103,0.003658,0.974458,0.013440,0.057911,0.010543,0.010352,0.036211,0.009892,0.008839,0.047553,0.004954
IL_4212360,0.212897,0.729248,0.016729,0.444888,0.017401,0.011935,0.058162,0.012044,0.015876,0.057042,0.006082
IL_4217178,0.126798,0.532464,0.012143,0.751190,0.005121,0.007552,0.038141,0.022114,0.013162,0.033219,0.007103
IL_4273134,0.203516,0.887590,0.024458,0.039723,0.008350,0.009500,0.026914,0.015308,0.012392,0.100444,0.012802
IL_4304678,0.063209,0.055079,0.016916,0.032072,0.006452,0.010955,0.055815,0.008758,0.006332,0.969490,0.010550
IL_4365221,0.004240,0.985735,0.018093,0.043635,0.007333,0.017972,0.051097,0.003863,0.011164,0.006010,0.008328
IL_4377002,0.789388,0.009746,0.028923,0.108354,0.011460,0.011351,0.035917,0.003438,0.009222,0.374859,0.005888
IL_4378654,0.004419,0.967380,0.019444,0.097848,0.006975,0.026371,0.054385,0.009199,0.016855,0.010012,0.007676
IL_4383984,0.161362,0.565033,0.022293,0.536007,0.005338,0.035832,0.028621,0.019659,0.017077,0.062539,0.009448
IL_4392618,0.077185,0.168967,0.005210,0.039816,0.004653,0.010392,0.037043,0.005436,0.027660,0.795081,0.012306
IL_4393410,0.004749,0.947372,0.014807,0.030260,0.007617,0.205388,0.033859,0.004099,0.007759,0.026736,0.005292
IL_4404293,0.035692,0.023988,0.013451,0.080077,0.009424,0.010843,0.069477,0.030770,0.005675,0.966714,0.009023
IL_4407167,0.005884,0.006191,0.020047,0.031580,0.012333,0.011739,0.066516,0.004125,0.005000,0.994950,0.008935
IL_4418818,0.010128,0.877746,0.013024,0.477967,0.072798,0.013078,0.043626,0.013250,0.006114,0.028482,0.010696
IL_4429583,0.002547,0.002422,0.010261,0.050409,0.006847,0.014039,0.031425,0.985042,0.063467,0.004805,0.006330
IL_4447995,0.056328,0.172255,0.010326,0.534012,0.008568,0.045680,0.023428,0.012391,0.745254,0.052831,0.010863
IL_4474915,0.032453,0.015686,0.017231,0.055885,0.007681,0.012939,0.079784,0.003128,0.011830,0.983397,0.009313
IL_4556052,0.008126,0.010501,0.019731,0.031879,0.006549,0.014689,0.051753,0.004129,0.005898,0.992892,0.009428
IL_4629710,0.002845,0.986824,0.009329,0.026913,0.017088,0.007787,0.036179,0.007340,0.018365,0.001925,0.004776
IL_4631015,0.006769,0.008183,0.032665,0.847215,0.005194,0.016090,0.037254,0.435014,0.124998,0.001630,0.006555
IL_4632594,0.007467,0.009892,0.042535,0.098383,0.007594,0.027627,0.042500,0.222563,0.906050,0.006219,0.006806
IL_4640947,0.028355,0.021954,0.082313,0.188260,0.005422,0.057707,0.035784,0.002213,0.009820,0.867130,0.004928
IL_4652828,0.036245,0.659290,0.007655,0.083676,0.033258,0.007728,0.024139,0.015685,0.014765,0.336312,0.016876
IL_4673376,0.005017,0.017686,0.018442,0.009406,0.013857,0.009731,0.037921,0.899195,0.348507,0.003089,0.007612
IL_4698973,0.011528,0.945059,0.016881,0.171983,0.009375,0.012981,0.050868,0.003936,0.002786,0.042640,0.022217
IL_4703518,0.003518,0.980000,0.014249,0.072735,0.008871,0.015376,0.045487,0.005472,0.010859,0.005965,0.005935
IL_4708155,0.008660,0.386735,0.006393,0.036138,0.004629,0.026813,0.051367,0.151012,0.716299,0.001806,0.004104
IL_4733323,0.133890,0.034465,0.011889,0.110013,0.011396,0.016422,0.058600,0.008285,0.008096,0.904880,0.008926
IL_4738780,0.008083,0.972705,0.007277,0.033229,0.007459,0.174579,0.046240,0.001793,0.003771,0.006693,0.006802
IL_4747648,0.002680,0.976255,0.014607,0.024968,0.004829,0.022200,0.049801,0.005117,0.011915,0.007853,0.056284
IL_4761308,0.286182,0.100437,0.012754,0.577312,0.017945,0.020518,0.050576,0.007877,0.017326,0.447755,0.005584
IL_4787245,0.004567,0.016312,0.019687,0.008342,0.011442,0.015406,0.044507,0.004100,0.008977,0.993933,0.009131
IL_4796202,0.006955,0.976303,0.015033,0.059481,0.027155,0.013366,0.051993,0.006755,0.015309,0.006501,0.007055
IL_4805993,0.001897,0.964548,0.011139,0.034999,0.190699,0.008037,0.051924,0.004908,0.006768,0.002844,0.004142
IL_4840188,0.004243,0.989273,0.015121,0.034124,0.006759,0.004956,0.051210,0.004572,0.005109,0.010793,0.005686
IL_4848599,0.005616,0.976345,0.009270,0.065776,0.019832,0.005538,0.062822,0.006110,0.003588,0.013119,0.005954
IL_4848977,0.028104,0.955697,0.017106,0.087448,0.004841,0.028323,0.062888,0.018075,0.015944,0.028645,0.010931
IL_4907451,0.022189,0.010294,0.013165,0.144636,0.005472,0.025529,0.052594,0.004491,0.012444,0.982078,0.009431
IL_4912944,0.011829,0.005195,0.027115,0.042879,0.020297,0.045015,0.041192,0.027774,0.009973,0.989117,0.008099
IL_4926820,0.009093,0.014140,0.015063,0.030574,0.006243,0.033592,0.056897,0.719869,0.714105,0.004068,0.006873
IL_4928787,0.039739,0.925597,0.013354,0.189891,0.021247,0.005617,0.045459,0.014442,0.007104,0.009755,0.006628
IL_4936385,0.015696,0.004217,0.046008,0.946609,0.003333,0.015372,0.036702,0.336567,0.007522,0.001251,0.005539
IL_4942231,0.829918,0.014701,0.022468,0.290232,0.004434,0.012048,0.049424,0.003888,0.009646,0.310916,0.009409
IL_4953244,0.032002,0.891578,0.014168,0.019685,0.004510,0.009114,0.066543,0.028588,0.010247,0.280787,0.009279
IL_4955020,0.758828,0.063247,0.012308,0.096110,0.006538,0.011966,0.039447,0.008538,0.003901,0.359379,0.009275
IL_4964046,0.237374,0.013191,0.012466,0.172181,0.008671,0.010044,0.054111,0.006801,0.006232,0.755999,0.007577
IL_4983934,0.033748,0.034999,0.016021,0.029732,0.004337,0.024146,0.050195,0.004203,0.005788,0.988303,0.006833
IL_4994761,0.071959,0.167489,0.014159,0.136563,0.004310,0.018157,0.031512,0.798500,0.038468,0.006477,0.004961
IL_5016487,0.003017,0.046882,0.014164,0.211012,0.006703,0.008219,0.054910,0.044975,0.001972,0.867456,0.005838
IL_5018680,0.024937,0.028471,0.044409,0.436668,0.004221,0.007110,0.083483,0.075569,0.042501,0.725392,0.005687
IL_5117306,0.002145,0.980422,0.021678,0.046861,0.010776,0.019084,0.055350,0.007201,0.015614,0.003275,0.006817
IL_5136565,0.056912,0.005739,0.012516,0.085308,0.009804,0.017316,0.044054,0.003503,0.004867,0.971484,0.008294
IL_5150961,0.015119,0.251371,0.009921,0.032427,0.006917,0.009993,0.064693,0.008054,0.007577,0.933821,0.007212
IL_5152620,0.023787,0.011921,0.025079,0.390734,0.217590,0.021726,0.023710,0.041921,0.027517,0.265041,0.013600
IL_5171099,0.003488,0.974989,0.012214,0.085601,0.006238,0.012010,0.041975,0.004569,0.024004,0.036965,0.006559
IL_5172506,0.003327,0.463429,0.010360,0.026509,0.004329,0.023657,0.100378,0.359935,0.213133,0.001385,0.002779
IL_5188190,0.143474,0.268472,0.006885,0.034029,0.022637,0.011279,0.034395,0.013871,0.027130,0.300056,0.113476
IL_5192693,0.005144,0.012265,0.007654,0.424824,0.007655,0.009313,0.032901,0.012778,0.016977,0.854257,0.008383
IL_5195971,0.005944,0.981621,0.013747,0.026425,0.012246,0.007741,0.038409,0.004289,0.011769,0.003018,0.007182
IL_5199215,0.003746,0.003702,0.018384,0.020378,0.007128,0.012783,0.045314,0.985642,0.146323,0.004093,0.007680
IL_5202722,0.091727,0.035307,0.063416,0.956309,0.008823,0.013556,0.020700,0.074762,0.011255,0.015590,0.006187
IL_5227274,0.033449,0.114877,0.015526,0.805473,0.031932,0.007357,0.035928,0.004802,0.011621,0.349589,0.006373
IL_5227787,0.205511,0.139593,0.012303,0.151750,0.005508,0.017683,0.050224,0.004054,0.004637,0.723994,0.008325
IL_5242598,0.219701,0.466868,0.007861,0.032812,0.008497,0.127322,0.039518,0.069942,0.008862,0.255289,0.005135
IL_5308378,0.004382,0.037697,0.005226,0.148230,0.004602,0.009256,0.064976,0.213766,0.909097,0.003285,0.004249
IL_5330356,0.141410,0.108286,0.011960,0.804413,0.004825,0.008333,0.051152,0.007078,0.010097,0.210117,0.004455
IL_5334240,0.001298,0.009372,0.227983,0.009980,0.597085,0.002605,0.035138,0.064638,0.071809,0.001271,0.066372
IL_5360549,0.466552,0.011932,0.014177,0.085236,0.013356,0.008833,0.073068,0.003956,0.012406,0.630006,0.007290
IL_5383665,0.499684,0.043690,0.014619,0.574181,0.006311,0.022534,0.033696,0.004753,0.007061,0.173981,0.009660
IL_5417792,0.016049,0.011721,0.091411,0.010829,0.028974,0.005871,0.054788,0.304634,0.702497,0.012437,0.016190
IL_5419157,0.109734,0.013953,0.027000,0.719511,0.023822,0.009130,0.037527,0.618249,0.035651,0.016379,0.005295
IL_5461503,0.011260,0.709033,0.005721,0.023501,0.003471,0.007139,0.049934,0.003029,0.009299,0.436638,0.005927
IL_5484022,0.042215,0.219054,0.016883,0.093890,0.012605,0.025744,0.046402,0.006645,0.006388,0.890683,0.010452
IL_5489843,0.014956,0.984222,0.012924,0.038875,0.006190,0.006436,0.040052,0.002050,0.003336,0.008924,0.012641
IL_5493219,0.017970,0.008338,0.013887,0.073570,0.007568,0.020332,0.048883,0.006260,0.006164,0.988389,0.010074
IL_5512024,0.018226,0.638157,0.008847,0.239489,0.017371,0.021078,0.020013,0.005850,0.063974,0.252953,0.009752
IL_5545711,0.027581,0.044582,0.125873,0.860366,0.011748,0.013726,0.039929,0.443092,0.053631,0.008675,0.009007
IL_5552679,0.025391,0.009086,0.024728,0.009616,0.008045,0.036014,0.045652,0.004054,0.006693,0.993430,0.005571
IL_5562172,0.038975,0.960042,0.008114,0.032580,0.006014,0.009446,0.039504,0.002734,0.007197,0.107352,0.013109
IL_5584877,0.449975,0.069225,0.029125,0.041211,0.023373,0.314518,0.039563,0.384254,0.016323,0.010756,0.006173
IL_5603161,0.116094,0.066861,0.012526,0.871313,0.007138,0.007234,0.061035,0.047307,0.055775,0.043825,0.009128
IL_5609972,0.262540,0.147915,0.018461,0.280265,0.006016,0.014731,0.029371,0.055613,0.016333,0.298199,0.003863
IL_5632066,0.009110,0.004008,0.013297,0.008456,0.006118,0.018380,0.031465,0.004814,0.278380,0.002158,0.912709
IL_5671982,0.590094,0.115443,0.016121,0.374021,0.006090,0.015854,0.045456,0.013043,0.005792,0.318836,0.007097
IL_5695938,0.022880,0.826261,0.012698,0.031369,0.041789,0.059936,0.025354,0.200809,0.005756,0.001555,0.003198
IL_5698172,0.469697,0.190872,0.013794,0.290157,0.005941,0.028770,0.040389,0.256411,0.017835,0.023621,0.010937
IL_5712655,0.125658,0.193723,0.007605,0.702376,0.020173,0.010617,0.030167,0.004326,0.035221,0.210601,0.004779
IL_5746899,0.088443,0.117840,0.011153,0.087070,0.003797,0.009000,0.050160,0.145850,0.003179,0.535306,0.005405
IL_5770284,0.007053,0.007608,0.023090,0.033846,0.010676,0.035827,0.056065,0.063167,0.977811,0.008877,0.010061
IL_5841112,0.006690,0.006340,0.013531,0.021659,0.011946,0.028760,0.055259,0.041850,0.988952,0.004548,0.008696
IL_5873278,0.045548,0.909089,0.038862,0.089422,0.006284,0.045242,0.034059,0.012216,0.006088,0.008331,0.005483
IL_5886154,0.950139,0.003843,0.018190,0.330174,0.011182,0.009911,0.032284,0.020624,0.006740,0.002617,0.009557
IL_5891440,0.033563,0.040756,0.024678,0.176714,0.005709,0.006510,0.048866,0.027850,0.004405,0.883177,0.005813
IL_5907718,0.109411,0.012252,0.015757,0.295259,0.009889,0.020194,0.046431,0.002023,0.008735,0.829858,0.008514
IL_5913331,0.027056,0.942424,0.012703,0.084099,0.018495,0.036037,0.036317,0.006255,0.006717,0.040127,0.006045
IL_5917748,0.012775,0.101673,0.050167,0.935646,0.009530,0.011477,0.045200,0.010191,0.050192,0.071346,0.004603
IL_5924119,0.004721,0.006975,0.018215,0.012016,0.012149,0.021361,0.082826,0.318020,0.960415,0.006370,0.008352
IL_5926691,0.008555,0.011562,0.009818,0.027875,0.010467,0.026425,0.070919,0.644788,0.857309,0.005004,0.008990
IL_5932158,0.011571,0.013631,0.018049,0.076526,0.037632,0.161956,0.054486,0.078326,0.023931,0.929042,0.020452
IL_5978307,0.004353,0.007535,0.014018,0.028239,0.009246,0.017652,0.051426,0.216544,0.968739,0.005870,0.009137
IL_6000978,0.119934,0.154045,0.013894,0.215439,0.005472,0.008580,0.066134,0.016209,0.004873,0.748720,0.007086
IL_6012528,0.037719,0.010369,0.017913,0.044470,0.009063,0.016962,0.056711,0.005310,0.009863,0.985095,0.008991
IL_6031916,0.006547,0.315777,0.008129,0.016443,0.006728,0.980733,0.039235,0.025363,0.028554,0.002544,0.009228
IL_6046824,0.021594,0.940984,0.011731,0.046716,0.007856,0.009517,0.029370,0.014164,0.061701,0.034982,0.026032
IL_6051806,0.010775,0.077131,0.007288,0.765667,0.006115,0.017238,0.027963,0.552506,0.010161,0.002460,0.007221
IL_6066131,0.201059,0.755659,0.011762,0.066449,0.008433,0.009500,0.033540,0.002809,0.004813,0.175612,0.004286
IL_6070882,0.382851,0.130308,0.005251,0.144830,0.006360,0.006022,0.027187,0.005865,0.026399,0.365813,0.008849
IL_6075447,0.041048,0.903481,0.012961,0.069126,0.003828,0.006640,0.030154,0.011934,0.119538,0.045185,0.005902
IL_6099493,0.030682,0.912006,0.010586,0.254079,0.005177,0.006272,0.046584,0.023822,0.061737,0.002697,0.014995
IL_6099858,0.229634,0.530270,0.013702,0.620889,0.011840,0.010987,0.046484,0.021748,0.018375,0.042570,0.005720
IL_6129083,0.002750,0.116947,0.311069,0.009998,0.029746,0.016426,0.506983,0.006839,0.793304,0.001633,0.013313
IL_6163594,0.973883,0.026575,0.010650,0.173770,0.016616,0.010029,0.036874,0.004299,0.007482,0.051970,0.008431
IL_6164735,0.099694,0.350432,0.003998,0.379804,0.002364,0.011415,0.025574,0.003113,0.117871,0.224806,0.033337
IL_6191818,0.468178,0.018875,0.022247,0.196362,0.007869,0.019730,0.055458,0.003292,0.010791,0.521748,0.009954
IL_6197538,0.042644,0.087061,0.011986,0.012420,0.006192,0.007736,0.048604,0.015362,0.028566,0.916300,0.007851
IL_6214063,0.926800,0.049553,0.018272,0.265281,0.010109,0.012921,0.061083,0.007086,0.006682,0.165448,0.008897
IL_6247837,0.217237,0.338729,0.204262,0.039575,0.003750,0.246486,0.182020,0.090479,0.005686,0.100828,0.003591
IL_6254530,0.010401,0.012000,0.021286,0.014732,0.041328,0.022627,0.070324,0.993372,0.025655,0.014214,0.011719
IL_6298296,0.091093,0.018542,0.424820,0.030677,0.168303,0.722977,0.094174,0.027250,0.021335,0.290399,0.025852
IL_6311333,0.004338,0.838179,0.061187,0.068463,0.004930,0.093826,0.103654,0.028076,0.021919,0.025698,0.041741
IL_6364048,0.001069,0.136982,0.040498,0.011476,0.003178,0.015466,0.349544,0.067314,0.931683,0.004680,0.015343
IL_6375582,0.005545,0.978164,0.019583,0.077094,0.010019,0.013368,0.064976,0.004594,0.009613,0.005416,0.006998
IL_6379178,0.007801,0.052195,0.007342,0.963256,0.015772,0.010210,0.029725,0.013451,0.050811,0.011154,0.007966
IL_6379354,0.987740,0.007005,0.024784,0.032792,0.010609,0.040825,0.057077,0.004381,0.007385,0.006841,0.010329
IL_6430602,0.007972,0.547999,0.011898,0.055542,0.004203,0.016394,0.024947,0.007662,0.040000,0.426000,0.007667
IL_6444875,0.013377,0.640843,0.015283,0.645642,0.027281,0.009233,0.036706,0.021203,0.120659,0.008828,0.006886
IL_6483133,0.006652,0.006734,0.048593,0.026917,0.020125,0.034564,0.059761,0.312640,0.925958,0.005623,0.010008
IL_6492206,0.070575,0.036482,0.050960,0.958559,0.005189,0.015496,0.048437,0.025530,0.013286,0.118532,0.008099
IL_6495967,0.070017,0.016496,0.014492,0.112252,0.005743,0.008350,0.047579,0.006135,0.007446,0.958820,0.010029
IL_6516078,0.007230,0.028316,0.015123,0.029459,0.011184,0.015269,0.038794,0.010812,0.011605,0.983867,0.017121
IL_6579859,0.009208,0.077313,0.043541,0.026677,0.008565,0.010737,0.067349,0.061117,0.940582,0.003746,0.091801
IL_6580455,0.002834,0.980159,0.072579,0.034706,0.017919,0.005383,0.029800,0.005164,0.010913,0.002662,0.006766
IL_6580650,0.005826,0.007677,0.021729,0.014668,0.006172,0.023466,0.054958,0.227733,0.963015,0.005718,0.008967
IL_6601787,0.006277,0.868988,0.012881,0.129187,0.006692,0.007494,0.038395,0.021684,0.005271,0.048559,0.004830
IL_6603212,0.981357,0.004574,0.022480,0.049813,0.015508,0.020500,0.055897,0.062931,0.015793,0.005168,0.010374
IL_6607523,0.008001,0.819088,0.034042,0.024180,0.007545,0.601879,0.042085,0.014322,0.034401,0.002685,0.004029
IL_6614720,0.008272,0.972970,0.012732,0.055026,0.007341,0.007885,0.038840,0.006828,0.014284,0.014078,0.008307
IL_6615378,0.142933,0.171067,0.008373,0.528397,0.016211,0.007201,0.033664,0.230762,0.265077,0.005156,0.005406
IL_6619207,0.006917,0.947402,0.007072,0.248167,0.007426,0.015219,0.042256,0.007033,0.004531,0.018234,0.007016
IL_6671454,0.161146,0.022215,0.012660,0.152180,0.013691,0.011544,0.046373,0.004551,0.004558,0.893236,0.009060
IL_6691109,0.047844,0.009520,0.018590,0.073967,0.014651,0.033671,0.041088,0.003358,0.007457,0.957264,0.007874
IL_6705688,0.001935,0.876320,0.010160,0.014226,0.004126,0.020302,0.042337,0.004124,0.008550,0.242834,0.006269
IL_6720101,0.056231,0.027464,0.017977,0.051550,0.007003,0.015023,0.046026,0.002834,0.007498,0.960888,0.009163
IL_6730800,0.066341,0.415318,0.015620,0.041318,0.002906,0.029787,0.087792,0.016241,0.004627,0.580136,0.008956
IL_6785749,0.074901,0.005076,0.006310,0.917307,0.005642,0.009716,0.077179,0.003470,0.003833,0.265883,0.006734
IL_6799756,0.105202,0.892185,0.010581,0.142560,0.009051,0.008654,0.044326,0.003214,0.003472,0.105068,0.007191
IL_6928115,0.007709,0.380167,0.006470,0.037125,0.006833,0.007421,0.026464,0.126392,0.006390,0.438729,0.016534
IL_6943589,0.001397,0.060202,0.014386,0.026120,0.006210,0.035153,0.041998,0.006085,0.030507,0.972456,0.011588
IL_6964671,0.044701,0.336412,0.011440,0.075321,0.003965,0.008719,0.026347,0.008341,0.011870,0.788479,0.010046
IL_7115582,0.022673,0.076550,0.007654,0.029233,0.360980,0.063736,0.041593,0.865693,0.010063,0.006585,0.006629
IL_7148487,0.029915,0.974549,0.012639,0.048026,0.006196,0.005169,0.069257,0.004700,0.007001,0.037884,0.008360
IL_7214473,0.021869,0.022988,0.007337,0.280537,0.840149,0.014146,0.030662,0.004092,0.012763,0.253934,0.003818
IL_7218860,0.009755,0.008926,0.009312,0.009677,0.016101,0.022330,0.078681,0.994747,0.060302,0.008447,0.009689
IL_7220515,0.006575,0.965623,0.011415,0.046554,0.004736,0.016945,0.043587,0.004180,0.010516,0.067031,0.010519
IL_7336116,0.005654,0.005982,0.016399,0.009170,0.009413,0.021952,0.067487,0.343369,0.947687,0.006066,0.011749
IL_7352985,0.018087,0.751711,0.014136,0.638297,0.011550,0.023173,0.057795,0.103133,0.037211,0.023179,0.006816
IL_7359666,0.956907,0.010154,0.012972,0.139982,0.010426,0.014850,0.044316,0.005357,0.004333,0.195222,0.006338
IL_7360646,0.066568,0.300007,0.015789,0.157490,0.009521,0.006319,0.030501,0.429277,0.044186,0.258218,0.012023
IL_7392612,0.019772,0.952041,0.009792,0.128891,0.008590,0.007494,0.051267,0.029813,0.038829,0.004997,0.005669
IL_7432503,0.005481,0.015943,0.011916,0.053119,0.010868,0.030928,0.065777,0.396523,0.874478,0.006877,0.008722
IL_7433595,0.061380,0.023475,0.009793,0.232328,0.047083,0.019079,0.072782,0.042417,0.856618,0.009358,0.011197
IL_7436788,0.090705,0.034463,0.013414,0.042195,0.005582,0.015777,0.043348,0.007003,0.008122,0.931814,0.008236
IL_7451087,0.219532,0.177029,0.040119,0.500952,0.013885,0.019552,0.082400,0.026203,0.013916,0.390981,0.010427
IL_7452804,0.301166,0.009628,0.011540,0.839722,0.006519,0.006309,0.053532,0.004064,0.004592,0.232256,0.007446
IL_7462703,0.053321,0.924576,0.012653,0.149274,0.013214,0.016391,0.048267,0.007616,0.008197,0.009630,0.005381
IL_7464129,0.005164,0.006982,0.018181,0.011695,0.008858,0.021814,0.051837,0.118523,0.979118,0.004775,0.008548
IL_7475868,0.004531,0.971189,0.020112,0.078653,0.009308,0.025784,0.048084,0.006962,0.013922,0.023016,0.008711
IL_7505442,0.440880,0.402330,0.009618,0.281505,0.006593,0.011898,0.044618,0.005988,0.015219,0.226256,0.016383
IL_7512996,0.265564,0.012252,0.010960,0.129444,0.007220,0.013911,0.043192,0.008340,0.010467,0.847230,0.010451
IL_7557824,0.001745,0.141710,0.026657,0.070590,0.004052,0.037567,0.030000,0.055260,0.020639,0.771713,0.009375
IL_7559500,0.007847,0.006800,0.005516,0.644285,0.005006,0.019615,0.126717,0.576267,0.308650,0.006579,0.007138
IL_7580080,0.003231,0.014018,0.016847,0.012802,0.054703,0.019610,0.072370,0.732274,0.689821,0.003244,0.011499
IL_7604960,0.895442,0.108022,0.027639,0.144448,0.008534,0.005078,0.049168,0.007338,0.005380,0.022153,0.005134
IL_7612830,0.029658,0.980164,0.014120,0.065262,0.006194,0.014548,0.048264,0.007425,0.010504,0.018040,0.007428
IL_7636226,0.882731,0.013992,0.021588,0.400413,0.003820,0.014453,0.034557,0.020543,0.003010,0.011467,0.008045
IL_7640681,0.204236,0.042980,0.025704,0.666491,0.010066,0.006285,0.058361,0.110199,0.008156,0.197206,0.006134
IL_7667532,0.006678,0.984171,0.016199,0.046142,0.006443,0.013119,0.048121,0.007425,0.009237,0.014526,0.008119
IL_7720827,0.001198,0.010046,0.569429,0.003469,0.448985,0.209423,0.011791,0.100125,0.012513,0.023366,0.046356
IL_7744265,0.005676,0.966017,0.016010,0.074568,0.012664,0.022338,0.072873,0.007483,0.012108,0.004091,0.005761
IL_7750228,0.074745,0.775824,0.008468,0.123358,0.010483,0.024454,0.071983,0.003743,0.005575,0.138523,0.042937
IL_7772384,0.013904,0.019861,0.009600,0.234272,0.008121,0.009573,0.036929,0.003337,0.004747,0.966267,0.007764
IL_7777526,0.001560,0.054101,0.006886,0.858558,0.004114,0.010755,0.043943,0.095272,0.279947,0.012417,0.022405
IL_7780812,0.255767,0.214963,0.007834,0.796664,0.039753,0.010443,0.048502,0.024285,0.023465,0.007357,0.009618
IL_7814962,0.026658,0.485665,0.168534,0.179637,0.007569,0.676949,0.023949,0.021439,0.015973,0.063783,0.007199
IL_7839360,0.008304,0.010458,0.015474,0.016471,0.015107,0.020759,0.034798,0.004946,0.006151,0.005564,0.990296
IL_7845741,0.006556,0.990062,0.016049,0.039279,0.008540,0.008577,0.045393,0.003659,0.006577,0.008497,0.007711
IL_7858220,0.008665,0.959203,0.026208,0.020576,0.010492,0.017120,0.079350,0.007090,0.004528,0.066340,0.005640
IL_7877903,0.019253,0.010386,0.053496,0.909758,0.009998,0.030955,0.057477,0.105795,0.354882,0.008738,0.009326
IL_7896836,0.383747,0.150054,0.010140,0.242825,0.012106,0.013196,0.044575,0.003798,0.005731,0.438269,0.004471
IL_7914681,0.003222,0.093780,0.022377,0.019753,0.022768,0.008033,0.202389,0.052593,0.049836,0.863951,0.021640
IL_7917684,0.008951,0.007951,0.008563,0.617257,0.005443,0.049525,0.059015,0.726974,0.349056,0.005838,0.007924
IL_7919145,0.752962,0.417605,0.015646,0.057123,0.004097,0.175573,0.032668,0.015099,0.002374,0.028237,0.005734
IL_7944285,0.028485,0.008821,0.005844,0.952128,0.004776,0.017560,0.027353,0.004990,0.063810,0.124976,0.005800
IL_7945525,0.307190,0.030121,0.017783,0.849051,0.016536,0.251460,0.054205,0.031488,0.016966,0.057758,0.003475
IL_7955621,0.007954,0.966543,0.017269,0.130589,0.006103,0.009829,0.049799,0.012135,0.009381,0.009447,0.007189
IL_7983237,0.001708,0.137079,0.019719,0.011572,0.004114,0.008415,0.027734,0.269051,0.481050,0.001110,0.139205
IL_7988157,0.011395,0.028397,0.070897,0.730101,0.011320,0.469316,0.113473,0.016851,0.529458,0.003672,0.007714
IL_8041132,0.058026,0.011708,0.011167,0.974287,0.007375,0.008578,0.042079,0.007941,0.016969,0.092734,0.008939
IL_8073225,0.043878,0.058046,0.009340,0.022749,0.004699,0.010188,0.046702,0.005406,0.010203,0.958437,0.010678
IL_8136561,0.084519,0.094256,0.031009,0.029818,0.010000,0.017922,0.048107,0.006844,0.008729,0.918662,0.009556
IL_8138997,0.017287,0.949509,0.014496,0.119587,0.022004,0.012876,0.040711,0.006045,0.019166,0.008495,0.005820
IL_8139746,0.034532,0.853063,0.009636,0.434351,0.007154,0.010387,0.043772,0.018546,0.012373,0.015678,0.005012
IL_8183381,0.020686,0.117447,0.011405,0.604378,0.006912,0.020447,0.030542,0.003704,0.011151,0.538012,0.005758
IL_8191336,0.006427,0.953540,0.012592,0.218507,0.013534,0.013438,0.048059,0.010361,0.008623,0.009809,0.006664
IL_8258340,0.023336,0.007055,0.009901,0.059924,0.009490,0.017850,0.041852,0.003293,0.006070,0.985582,0.006677
IL_8288616,0.981128,0.005264,0.038381,0.069336,0.009194,0.013859,0.043165,0.033316,0.003283,0.004182,0.009782
IL_8295267,0.341709,0.007931,0.013374,0.453147,0.004596,0.053050,0.041126,0.004536,0.014530,0.438677,0.005753
IL_8342281,0.197156,0.462898,0.003541,0.031531,0.037618,0.189063,0.019591,0.013399,0.002541,0.192287,0.003865
IL_8371338,0.864618,0.006616,0.018380,0.029213,0.004494,0.011673,0.048204,0.009032,0.005665,0.448605,0.009109
IL_8415316,0.006538,0.507668,0.008921,0.017344,0.037451,0.065861,0.475129,0.310799,0.003597,0.071954,0.135019
IL_8416177,0.026057,0.216755,0.003682,0.027161,0.207205,0.009501,0.134212,0.604784,0.001593,0.002984,0.004239
IL_8416753,0.005366,0.979036,0.034783,0.022348,0.006695,0.076849,0.052259,0.009367,0.008603,0.004899,0.008312
IL_8449784,0.008867,0.917872,0.019234,0.260633,0.010502,0.015490,0.065964,0.020574,0.053341,0.023123,0.008558
IL_8456893,0.914987,0.086304,0.015254,0.038427,0.004474,0.014071,0.047018,0.057609,0.003311,0.063097,0.006095
IL_8510989,0.602571,0.255424,0.020737,0.277645,0.006490,0.023895,0.055289,0.018736,0.009355,0.177729,0.008922
IL_8524892,0.992859,0.026937,0.011425,0.038405,0.009272,0.025919,0.040459,0.004604,0.002820,0.007270,0.009772
IL_8562073,0.045228,0.262329,0.010905,0.022523,0.002172,0.005113,0.012227,0.023729,0.378660,0.007559,0.339333
IL_8576492,0.178194,0.005604,0.012169,0.431253,0.003231,0.012240,0.038084,0.002362,0.004693,0.664908,0.007860
IL_8579370,0.009453,0.003975,0.033001,0.993579,0.014134,0.026862,0.047066,0.004050,0.017378,0.035156,0.008405
IL_8580922,0.797750,0.025437,0.029733,0.570953,0.022011,0.010497,0.047551,0.012143,0.020529,0.037569,0.005316
IL_8587951,0.029057,0.018849,0.012552,0.988139,0.007578,0.006789,0.034330,0.012387,0.039580,0.020421,0.006761
IL_8698362,0.004791,0.005452,0.021847,0.012434,0.009068,0.021422,0.053357,0.074230,0.987918,0.004727,0.008519
IL_8706018,0.019958,0.978962,0.010605,0.054922,0.005581,0.007015,0.034948,0.004683,0.015867,0.008476,0.007273
IL_8779223,0.093617,0.017749,0.027136,0.217511,0.005888,0.018546,0.044952,0.004959,0.008741,0.912863,0.008242
IL_8807227,0.004031,0.977498,0.015937,0.102057,0.011315,0.009102,0.049869,0.009560,0.004172,0.007546,0.012700
IL_8864283,0.004051,0.005193,0.019167,0.023674,0.007183,0.011590,0.031064,0.021278,0.993720,0.003429,0.007767
IL_8869852,0.002181,0.987093,0.015219,0.022605,0.023041,0.011873,0.075863,0.004899,0.010492,0.003425,0.006506
IL_8892064,0.008842,0.037475,0.022984,0.088165,0.008554,0.011469,0.034471,0.009988,0.010490,0.928885,0.010518
IL_8894007,0.004820,0.005778,0.029144,0.015725,0.004321,0.020549,0.048974,0.986567,0.145271,0.003364,0.009470
IL_8908749,0.016233,0.015373,0.006915,0.348639,0.010534,0.006756,0.031799,0.003726,0.007546,0.822475,0.006780
IL_8914785,0.067511,0.026833,0.023899,0.051691,0.008975,0.030106,0.070831,0.001390,0.008840,0.963574,0.008377
IL_8947300,0.396188,0.392080,0.010848,0.484548,0.016891,0.006881,0.031581,0.006442,0.006838,0.079955,0.004839
IL_8974391,0.027063,0.029318,0.015891,0.424880,0.002461,0.088413,0.060461,0.015900,0.007050,0.489332,0.003781
IL_9036064,0.008725,0.713086,0.009717,0.711146,0.005495,0.008170,0.057372,0.017454,0.016960,0.003783,0.024489
IL_9058117,0.015068,0.829528,0.008200,0.524598,0.003688,0.026195,0.042392,0.014994,0.028051,0.011432,0.005880
IL_9061839,0.071485,0.154435,0.062495,0.015927,0.005032,0.029031,0.033461,0.001597,0.006627,0.802483,0.003863
IL_9079153,0.029894,0.110423,0.062115,0.134895,0.006329,0.012038,0.040875,0.020703,0.014862,0.818671,0.007929
IL_9143254,0.029547,0.035280,0.017647,0.286812,0.004401,0.011107,0.038092,0.009233,0.042035,0.872330,0.006541
IL_9155981,0.955669,0.007147,0.009916,0.337638,0.016520,0.013210,0.037098,0.004298,0.006073,0.063116,0.007262
IL_9157122,0.276467,0.018816,0.041399,0.431912,0.002878,0.009765,0.071213,0.549088,0.040565,0.014592,0.005873
IL_9227624,0.002083,0.976222,0.015546,0.047348,0.012270,0.053546,0.056612,0.006058,0.044195,0.002993,0.010434
IL_9237017,0.018053,0.005501,0.015522,0.035618,0.020653,0.033746,0.052535,0.012236,0.011686,0.987637,0.014350
IL_9273684,0.003858,0.335018,0.077342,0.687683,0.003122,0.007369,0.067795,0.229236,0.003859,0.003565,0.003475
IL_9311083,0.061209,0.236628,0.018358,0.894227,0.029306,0.025431,0.081100,0.015585,0.048901,0.115003,0.013496
IL_9322263,0.005801,0.005756,0.026063,0.033935,0.011724,0.022189,0.043325,0.041609,0.988300,0.006082,0.011500
IL_9341332,0.004482,0.969346,0.016579,0.106802,0.007392,0.012170,0.056375,0.009459,0.013920,0.007458,0.006260
IL_9345649,0.050900,0.193025,0.010405,0.865853,0.010914,0.018111,0.048255,0.034674,0.037210,0.116334,0.007408
IL_9406058,0.004783,0.004714,0.007286,0.731847,0.036800,0.005902,0.034291,0.003826,0.007102,0.749642,0.008003
IL_9407964,0.040008,0.941072,0.013537,0.247198,0.007157,0.007474,0.039100,0.007879,0.006441,0.013594,0.008877
IL_9409250,0.034141,0.007125,0.013012,0.101662,0.018412,0.054874,0.043561,0.013159,0.006291,0.970638,0.016654
IL_9427286,0.034409,0.011198,0.018333,0.115115,0.006002,0.017003,0.044968,0.003428,0.006220,0.970337,0.006865
IL_9436519,0.003235,0.002662,0.012736,0.018006,0.004826,0.014345,0.042132,0.425972,0.912296,0.003124,0.005935
IL_9503512,0.472917,0.172032,0.012696,0.630667,0.020232,0.013916,0.046203,0.033668,0.013127,0.019148,0.008894
IL_9521484,0.617078,0.049006,0.011951,0.139315,0.010153,0.016434,0.049002,0.003959,0.006454,0.428920,0.008022
IL_9540224,0.014334,0.929935,0.011610,0.234715,0.008089,0.006504,0.090066,0.029754,0.015828,0.005208,0.005617
IL_9561518,0.015319,0.010700,0.019475,0.024469,0.007329,0.016191,0.066547,0.004189,0.007175,0.991980,0.011482
IL_9572511,0.350731,0.085591,0.020774,0.890438,0.024735,0.015338,0.045434,0.060409,0.010916,0.035228,0.011461
IL_9601760,0.007036,0.919545,0.014609,0.313371,0.005250,0.018831,0.073004,0.023486,0.034446,0.007197,0.006449
IL_9615893,0.011525,0.931599,0.018203,0.251816,0.013471,0.022719,0.041859,0.007634,0.043201,0.060009,0.006924
IL_9620950,0.006220,0.984570,0.024455,0.023359,0.008662,0.013567,0.069591,0.003561,0.007598,0.008578,0.006680
IL_9623576,0.994273,0.010164,0.019476,0.015046,0.008352,0.013324,0.061229,0.009806,0.003646,0.007198,0.011821
IL_9647002,0.000887,0.973579,0.025288,0.021501,0.062500,0.006480,0.054811,0.004223,0.010280,0.001635,0.015913
IL_9655170,0.743686,0.023724,0.020873,0.032591,0.008490,0.013038,0.062183,0.002013,0.004634,0.509588,0.007253
IL_9669202,0.708641,0.121006,0.012230,0.473980,0.005092,0.013029,0.034717,0.012892,0.012139,0.102291,0.005656
IL_9675212,0.015493,0.054775,0.208568,0.025908,0.009583,0.016139,0.051799,0.939545,0.010669,0.005594,0.008248
IL_9675469,0.085168,0.007012,0.029212,0.861096,0.024311,0.040921,0.021178,0.001525,0.053388,0.219726,0.007555
IL_9692632,0.167685,0.063338,0.018183,0.147382,0.008990,0.004948,0.045105,0.004242,0.003123,0.806928,0.005982
IL_9693077,0.007802,0.009111,0.013323,0.018237,0.009594,0.024875,0.109069,0.010062,0.005084,0.002852,0.985249
IL_9695113,0.016585,0.201197,0.008403,0.090504,0.008401,0.009220,0.038398,0.002397,0.003870,0.848840,0.007891
IL_9696386,0.006037,0.908351,0.020961,0.387290,0.026820,0.006703,0.031703,0.004434,0.017481,0.009016,0.029167
IL_9697828,0.008829,0.011861,0.007003,0.828051,0.004767,0.008548,0.029447,0.006614,0.011669,0.435190,0.022933
IL_9702105,0.949950,0.028290,0.017937,0.362630,0.007363,0.014687,0.058340,0.011308,0.008936,0.029183,0.006416
IL_9713310,0.132421,0.065975,0.011556,0.567939,0.004031,0.008340,0.031600,0.004705,0.005481,0.421283,0.004872
IL_9722277,0.008140,0.006412,0.034195,0.031280,0.025685,0.022510,0.073138,0.238459,0.960857,0.007157,0.007863
IL_9728655,0.026892,0.027062,0.007010,0.433168,0.005206,0.011273,0.069850,0.009132,0.014994,0.844417,0.008303
IL_9747613,0.112726,0.042640,0.014287,0.150344,0.007377,0.025828,0.056483,0.003043,0.008912,0.876168,0.008759
IL_9776207,0.002522,0.021932,0.127292,0.008361,0.017023,0.012866,0.068043,0.092151,0.920736,0.002102,0.161712
IL_9785286,0.005271,0.004700,0.015649,0.010603,0.014474,0.011874,0.038844,0.821417,0.775840,0.003465,0.005909
IL_9794109,0.007431,0.012990,0.026035,0.036168,0.012529,0.025192,0.067290,0.181212,0.951703,0.006646,0.008189
IL_9810905,0.757720,0.079956,0.011407,0.210289,0.022925,0.094695,0.052743,0.010410,0.003961,0.065846,0.004229
IL_9831983,0.001371,0.725105,0.019048,0.015176,0.004339,0.009049,0.587159,0.065586,0.097855,0.028976,0.004613
IL_9896495,0.985645,0.007824,0.019394,0.118453,0.012037,0.012862,0.043622,0.008498,0.007738,0.019482,0.010850
IL_9908692,0.046794,0.921792,0.007222,0.070396,0.015663,0.008532,0.029850,0.001406,0.003506,0.081069,0.005645
IL_9914512,0.097942,0.043725,0.009482,0.555601,0.008120,0.011210,0.046188,0.004949,0.004216,0.531804,0.006789
IL_9931816,0.004191,0.003777,0.101585,0.199745,0.005267,0.014211,0.039241,0.806628,0.250565,0.004778,0.008085
IL_9962396,0.045894,0.006708,0.012759,0.903198,0.007225,0.006346,0.035814,0.012986,0.008739,0.431587,0.008868
